university,endowment,numfaculty,numdoctoral,country,numstaff,established,numpostgrad,numundergrad,numstudents
San Diego Community College District,7.80E+08,2514,,United States,1303,1972,,74126,131403
National University of C%C3%B3rdoba,"USD $175,552,772",,,Argentina,8203,1613,7111,104218,111329
Indiana University,1.57E+09,8733,,United States,,1820,21260,89176,110436
Assiut University,$138 million;,3566,NA,Egypt,NA,1957,14869,72405,87274
Arizona State University,5.14E+08,2862,,United States,,1885,13850,56562,70440
Paris Universitas,15,5500,8000,France,,2005,,25000,70000
University of Milan,562000000,4210,,Italy,2455,1924,4354,49476,62801
University of Central Florida,1.25E+08,1948,179,United States,8619,1963,8517,50002,58698
Rutgers University,US $700 million,,NA,United States,,1766,14541,42327,56868
RMIT University,A$882.8 million,4213,NA,Australia,,1887,12283,42832,55115
Ohio State University,US $1.87 billion,,NA,United States,5584,1870,13341,38479,55014
University of the Philippines,7920,4135,,Philippines,6491,18,,41991,52405
University of Minnesota,US$2.224 billion in 2006,3374,,United States,,1851,16948,30375,51611
University of Florida,US$1.3 billion,4534,,United States,,1853,16991,32064,49589
University of Sydney,A$1.3 billion,,NA,Australia,3081,1850,16627,32393,49020
Florida International University,US$138 million,3303,,USA,4883,1965,8819,39147,47966
Autonomous University of Baja California,US$144 million,4939,,Mexico,1724,1957,1316,46562,47878
Michigan State University,US $1.449 billion,4985,,United States,6355,1855,11073,36058,47800
Thames Valley University,428000,,,UK,,1991,1940,17200,47430
University of West London,428000,,,United Kingdom,,1991,1940,17200,47430
University of South Florida,3.60E+08,2358,NA,United States,,1956,9355,36358,47122
Texas A&M University,US $5.1 billion,2700,3951,United States,,1871,5005,36952,46422
University of New South Wales,AUD $1.0082 Bn,,NA,Australia,6014,1949,12304,24485,46302
University of Tennessee system,US$1 billion,2250,,United States,6950,1968,10056,34539,44595
University of Washington,US$1.65 billion,5803,NA,United States,16174,1861,12117,30790,42907
University of Illinois at Urbana%E2%80%93Champaign,US$ 1.6 billion,2971,,United States,8085,1867,10674,31932,42606
University of Wisconsin%E2%80%93Madison,1.60E+09,2054,,USA,,1848,9358,28897,42099
Florida State University,US$453 million,2150,NA,United States,6129,1851,8486,31851,41710
University of Michigan,US $6.56 billion,6238,NA,United States,18426,1817,15309,26208,41674
Leeds Metropolitan University,140000,,,England,3601,1824,3905,23310,41215
Georgia State University,1.66E+08,,,United States,1716,1913,7676,22587,40000
University of Tehran,US$ 518 million,,NA,Iran,3243,1934,21069,18843,39922
Kish International Campus%2C University of Tehran,US$ 176.50 million,,NA,Iran,3243,1934,21069,18843,39922
Purdue University,US$2.002 billionin 2012,6614,NA,U.S.,,1869,7980,30836,39697
University of California%2C Los Angeles,US $2.64 billion,4016,NA,United States,26139,1882,12072,27199,39271
University of Manchester,7620,,NA,United Kingdom,10407,2004,11218,27310,39165
Alexandru Ioan Cuza University,US $ 120 million,838,,Romania,,1860,10539,27601,38140
University of Southern California,US $3.5 billion,4735,NA,United States,10774,1880,20596,17414,38010
University of Maryland%2C College Park,7.92E+08,3996,,United States,5116,1856,10719,26922,37641
University of Western Sydney,28458,,,Australia,1151,1813,8899,28527,37426
Rutgers%E2%80%93New Brunswick,US $603 million,2002,,United States,5309,1766,8010,28031,36041
Pensacola State College,1.01E+07,200,,United States,448,1948,,11000,36000
Macquarie University,51000,,NA,Australia,2365,1964,11840,23328,35274
Simon Fraser University,2.09E+08,,,Canada,,1965,5507,29697,35204
University of Helsinki,6.24E+08,,NA,Finland,8150,1640,5600,28600,35200
California State University%2C Long Beach,$46.3 million 2011,1858,NA,United States,,1949,3788,31802,34870
North Carolina State University,6.18E+08,2068,,United States,5554,1887,9591,25176,34767
University of Missouri,US$1.04 billion,4347,,USA,12534,1839,7781,26821,34255
Prince of Songkla University,฿5.95 billion,,,Thailand,,-13,5000,29000,34000
University of Texas at Arlington,US$79 million,1350,,United States,,1895,6715,21370,33788
University of Alabama,US$541 million,1175,NA,United States,,1831,,28026,33602
University of Leeds,4.93E+07,,NA,England,8000,1831,9505,24080,33585
Nanyang Technological University,S$830 million,1700,,Singapore,2500,1991,10000,23500,33500
Manchester Metropolitan University,984000,,NA,"England, UK",,1970,6020,27265,33490
La Trobe University,2.67E+08,,,Australia,2749,1964,5275,27487,32762
University of Amsterdam,660,2796,,the Netherlands,2294,1632,12554,20185,32739
University of California%2C Davis,$731.28 million 2011,2527,NA,United States,21372,1905,7498,25096,32653
University of Nottingham,1920,,,"England, UK",,1881,8138,24334,32472
Keio University,N/A,"full time 2,604",1234,Japan,2722,1858,4291,27984,32275
Virginia Commonwealth University,US$ 349.7 million,2032,NA,United States,11041,1838,6454,23754,31899
Cardiff University,2.21E+07,,,United Kingdom,5230,1883,7840,21800,30930
Boston University,US$ 1.02 billion,3931,NA,United States,7410,1839,13232,15977,30823
University of Utah,US$513.4 million,2687,,United States,14362,1850,7448,23371,30819
University of Plymouth,672000,,,United Kingdom,3000,1862,5220,24490,30540
Indiana University %E2%80%93 Purdue University Indianapolis,6.01E+08,2152,,United States,,1969,8264,22197,30461
University of Iowa,"US $791,231,000",2156,,United States,,1847,9754,20574,30328
University of Oklahoma,1.20E+09,2937,,United States,,1890,9411,20892,30303
Virginia Tech Corps of Cadets,5.25E+08,1361,,United States,,1872,6857,23041,29898
University of Colorado at Boulder,US $ 665 million,1075,,United States,,1876,5127,24757,29894
Iowa State University,US $867 million,1709,NA,United States,NA,1858,4958,24343,29887
Portland State University,4.00E+07,2592,,United States of America,1632,1946,6481,23222,29703
Troy University,389466,,NA,United States,,1887,6618,23071,29689
West Virginia University,4.06E+08,1870,NA,USA,7566,1867,6905,22711,29616
University of Kansas,US $955 million,2529,NA,United States,10816,1865,8363,20330,29462
University of North Carolina at Chapel Hill,1.91E+09,3518,,United States,8534,1789,10811,18579,29390
Florida Atlantic University,1.56E+08,1621,,United States,1652,1961,4245,23613,29290
Utah State University,US $208.9 million,880,NA,United States,1614,1888,3478,25516,28994
University of Pittsburgh,US$2.54 billion,4807,NA,United States,,1787,10339,18371,28766
Kent State University,1.09E+08,2458,NA,USA,2799,1910,6166,22436,28602
London Metropolitan University,72,,NA,United Kingdom,,1,7055,20920,28525
Nova Southeastern University,US $64.5 million,2083,NA,United States,4319,1964,22060,6397,28457
University of Edinburgh,2.00E+08,,,United Kingdom,,1583,8867,19527,28394
Central Michigan University,5.80E+07,836,NA,United States,,1892,6613,21698,28311
San Francisco State University,US$49 million,1506,NA,United States,2010,1899,3895,24395,28290
Teesside University,334000,,,United Kingdom,2284,1929,3642,25172,28094
University of Illinois at Chicago,US$244 million,2473,NA,United States,,1858,11166,16925,28091
Seoul National University,1.34E+11,4336,3071,South Korea,991,1946,11329,16626,28018
University of California%2C Irvine,$429.95 million 2011,2685,,United States,,1965,5700,21976,27676
"University of California, Irvine",US $206.2 million,2685,NA,United States,,1965,5700,21976,27676
Columbia University,US$ 7.8 billion,3634,,United States,,1754,19672,7934,27606
University of Tennessee,US$664.6 million,1309,,United States,8458,1794,6215,21308,27523
Lumi%C3%A8re University Lyon 2,121,,1355,France,,1835,7046,14851,27393
University of Massachusetts Amherst,"US$ 199,876,589",,NA,United States,1174,1863,6196,21373,27269
National University (California),4.01E+08,2721,NA,United States,,1971,17297,9898,27195
Universidade Federal de Santa Maria,21900,1728,,Brazil,2683,1960,4325,19845,26851
University of Birmingham,7.81E+07,,NA,United Kingdom,,1825,8718,17355,26073
Carleton University,C$230 million,,NA,Canada,4260,1942,3612,22278,25890
Auburn University,US$472 million,,NA,United States,1200,1856,5023,20446,25469
Northern Illinois University,5.71E+07,,NA,United States,,1895,6497,18816,25313
Louisiana State University,3.86E+08,1500,,United States,5000,1860,4112,21103,25215
University of North Carolina at Charlotte,US$105.9 million,1280,817,United States,,1961,4994,19755,25063
Western Michigan University,1.69E+08,925,NA,United States,NA,1903,5079,19966,25045
Birmingham City University,1800000,,NA,United Kingdom,,1843,3726,20630,24849
Grand Valley State University,7.50E+07,837,NA,United States,,1960,3426,21236,24662
University of Arkansas,1.06E+09,,,United States of America,,1871,4162,20433,24595
University of Nebraska%E2%80%93Lincoln,US $1.14 billion,1597,,United States,,1869,4679,19345,24593
George Washington University,1.33E+09,2062,NA,United States,,1821,13718,10813,24531
Orange Coast College,1.00E+07,,,United States,,1947,,18711,24424
Liverpool John Moores University,1300000,,,United Kingdom,1095,1823,4100,20270,24370
Nottingham Trent University,758000,,,"England, UK",,1970,5265,18640,24225
Long Island University,8.60E+07,3995,NA,United States,,1926,7466,10634,24170
Old Dominion University,US$ 170.2 million,1023,NA,United States,,1930,6161,18569,24125
University of Bedfordshire,1400000,,,United Kingdom,,1882,6801,13480,23859
Oregon State University,US $469.2 million,2918,,United States,,1868,3618,20143,23761
Northern Arizona University,4.64E+07,813,,United States,,1899,5299,18301,23600
Kansas State University,3.74E+08,1275,,United States,,1863,3885,18778,23588
UCT Graduate School of Business,"R2,173.4 million",,,South Africa,,1,6700,15800,23500
University of Cape Town,"R2,173.4 million",,,South Africa,,1,6700,15800,23500
University of Wolverhampton,160000,,,"England, UK",,1835,4535,18935,23470
University of Toledo Medical Center,1.37E+08,2232,,USA,,1872,2930,20406,23336
University of Southampton,6420000,,NA,England,5000,1862,6850,16470,23315
Middlesex University,1200000,,,United Kingdom,1925,1973,6040,17140,23175
University of Glasgow,1.17E+08,,NA,United Kingdom,5807,1451,4785,16916,23162
Kingston University,87,,,United Kingdom,,1899,4805,18200,23135
Kangwon National University,2.29E+11,950,,South Korea,562,1732,,20058,23122
Kennesaw State University,U.S. $25.7 million,745,,United States,1400,1963,1756,21347,23103
University of Toledo,1.37E+08,2232,,United States,,1872,2930,18130,23085
Eastern Michigan University,4.07E+07,1000,,United States of America,700,1849,4729,18245,22974
University of Reading,7.16E+07,,,"England, UK",4024,1892,10122,12683,22805
Kyoto University,2.50E+11,2864,NA,Japan,5397,4,9308,13399,22707
Drexel University,4.27E+08,2396,NA,United States,1404,1891,7000,12004,22479
Istanbul Technical University,-,1990,,Turkey,,1773,5887,14958,22280
University of Hull,5700000,1000,,England,2300,1927,3565,18710,22275
University of Derby,69000,,,United Kingdom,,1851,2440,12275,22125
University of Portsmouth,97.2,,,United Kingdom,2204,1869,3385,18219,21827
Jordan University of Science and Technology,$72 million;,717,,Jordan,,1986,1559,20000,21559
Harvard University,US$32 billion,2107,NA,U.S.,2497,1636,14044,526,21225
De Montfort University,900000,,NA,United Kingdom,,1870,3290,17125,21210
Confederation College,4700000,,,Canada,,1967,not available,pre-university students; technical,21160
Webster University,8.49E+07,1,,USA,,1915,16126,4895,21091
Washington State University,6.20E+08,1304,611,U.S.,,1890,2241,15380,21016
University of Texas at El Paso,1.51E+08,1228,,United States,1511,1914,3806,17205,21011
University of Brighton,24,,,United Kingdom,2600,1858,4005,17005,21000
University of California%2C Riverside,US$ 96.6 million,1638,NA,United States,1938,1954,2433,18523,20956
Cornell University,US$ 5.28 billion,34,,U.S.,,1865,135,13935,20939
Illinois State University,8.84E+07,,,United States,3551,1857,2508,18254,20762
Western Kentucky University,-27,750,,United States,1903,1906,3067,17645,20712
University of Liverpool,1.21E+08,,,"England, UK",,1881,3860,16805,20655
University of Pennsylvania,US $6.44 billion,4127,,United States,,1740,10306,10301,20643
Georgia Institute of Technology,1.44E+09,4875,,United States,,1885,6815,13672,20487
Syracuse University,1.01E+09,1513,NA,United States,,1870,6206,14201,20407
Kwansei Gakuin University,US$847.8 million,475,782,Japan,279,1932,1529,18302,19966
University of Salford,462000,,,UK,2781,1850,4385,15505,19890
University of Huddersfield,293000,,,United Kingdom,1100,1825,3570,16175,19740
University of Texas at Dallas,US$ 270.6 million,1002,1194,United States,,1969,7455,11409,19728
Wright State University,8.23E+07,,NA,United States,,1967,3943,18304,19721
Newcastle University,3.23E+07,,NA,UK,5000,1834,5640,14060,19700
Boise State University,7.85E+07,643,,United States,,1932,2296,17349,19664
Delft University of Technology,3.83E+08,3375,2300,Netherlands,2280,1842,6300,10900,19500
Coventry University,834000,,,England,,1843,2875,16430,19415
University of Delaware,$1.008 billion USD,,,United States,4004,1743,3634,15757,19391
Oakland University,5.63E+07,,NA,United States,,1957,3541,15838,19379
University of Victoria,2.62E+08,1073,NA,Canada,6048,1903,2858,16475,19333
Birkbeck%2C University of London,204,,,United Kingdom,,1823,3540,15475,19020
James Madison University,5.77E+07,2659,NA,United States,,1908,1690,17281,18971
University of Warwick,6700000,,,United Kingdom,4375,1965,5270,12359,18900
California Polytechnic State University,$173.4 million 2011,1244,NA,United States,1383,433,1037,17725,18762
King's College London,1.25E+08,,NA,United Kingdom,,1829,6310,12320,18630
Memorial University of Newfoundland,6.20E+07,1144,NA,Canada,,1925,3118,15454,18572
University of North Carolina at Greensboro,1.52E+08,1060,,United States,2530,1891,3838,14664,18502
Montclair State University,4.71E+07,,,United States,4500,1908,3908,14590,18498
University of Pretoria,148200,,,South Africa,4099,4,10484,28450,18475
Southern Illinois University Carbondale,1.00E+08,1362,NA,USA,,1869,4223,15137,18442
University of Cambridge,4.30E+09,5846,,"England, UK",1539,1209,6371,12018,18396
University of Nevada%2C Reno,8.57E+11,1528,NA,United States,,1874,2935,15549,18004
University of Alabama at Birmingham,3.27E+08,2044,NA,USA,NA,1936,6447,11128,17999
University of Exeter,2.39E+07,1257,NA,England,2020,1922,4615,13335,17950
Hashemite University,104000000,609,,Jordan,,1996,964,16885,17849
Bournemouth University,2400000,,,England,,1992,2022,14380,17502
University at Albany%2C SUNY,3.00E+07,940,,United States,,1844,4650,12950,17500
Appalachian State University,US$56.1 million,824,,United States,1592,1899,1884,15616,17500
City University London,4.01E+07,,,United Kingdom,,1852,7528,9367,17499
Southampton Solent University,633000,,,United Kingdom,,1855,650,9990,17455
Lindenwood University,US$113.3 million,791,NA,United States,,1827,8564,8787,17351
University of East Anglia,2300000,,NA,United Kingdom,3910,1963,4515,12780,17290
Dalhousie University,3.55E+08,1085,,Canada,,1818,3783,12169,17261
St. Cloud State University,2.10E+07,904,,United States,845,1869,1695,15536,17231
University of Central Oklahoma,1.70E+07,834,,United States ),,1890,1850,15251,17101
University of Sunderland,1070000,,,United Kingdom,,1901,2065,14990,17055
Brock University,4.16E+07,596,,Canada,915,1964,621,2868,17000
Brooklyn College,6.00E+07,,NA,USA,444,1930,3727,13095,16822
Eastern Kentucky University,4.44E+07,667,,United States,1672,1874,2171,14396,16567
University of Missouri%E2%80%93St. Louis,"US $ 39,009,814",1107,178,USA,1178,1960,178380,549960,16548
Durham University,£ 57.8M,,,England,,1832,4521,11278,16355
Kean University,US$ $14.543 million,953,,United States,352,1855,"~3,200","~13,000",16000
John Jay College of Criminal Justice,3100000,1000,,United States,,1964,2000,14000,16000
Loyola University Chicago,US $388.7 million,784,NA,United States,"Total: 1,608",1870,6184,9856,15951
California State University%2C Chico,$43 million 2011,857,NA,United States,954,1887,1192,14728,15920
City College of New York,1.31E+08,508,,US,401,1847,3282,12541,15889
Indiana Wesleyan University,US $45 million,251,,United States,1150,1920,4711,3201,15872
University of Surrey,4.87E+07,,,"England, UK",2338,1891,6105,9600,15705
University of Miami,US$719.85 million,3027,NA,United States,10437,1925,5289,10368,15657
"Minnesota State University, Mankato",3.37E+07,600,130,USA,1300,1868,1716,13547,15649
University of Montana,US$108.0 million,581,,United States of America,,1893,,12421,15642
University of Montana %E2%80%93 Missoula,US$108.0 million,581,,United States of America,,1893,,12421,15642
Presidents of the University of Montana,US$108.0 million,581,,United States of America,,1893,,12421,15642
Campus of the University of Montana,US$108.0 million,581,,United States of America,,1893,,12421,15642
Idaho State University,40200750,838,,United States,1269,1901,2661,12892,15553
University of Botswana,P334 million,,,Botswana,2658,1982,1445,14093,15484
Brunel University,2010000,,974,England,1616,1966,3779,10345,15446
University of Chester,534756,515,,United Kingdom,885,1839,3600,11800,15405
Northern Kentucky University,6.80E+07,1159,NA,United States,1021,1968,2199,13206,15405
Stanford University,US $13.8 billion,1910,,United States,,1891,8441,6878,15319
Fordham University,5.11E+08,Total: 1121,,United States,,1841,6762,8427,15189
University of Missouri%E2%80%93Kansas City,US $1.12 billion,1185,NA,USA,2029,1933,5157,9907,15064
Queen Mary%2C University of London,3.36E+07,,NA,United Kingdom,,1123,3715,11105,14820
Wichita State University,US$170.1 million,41,,USA,,1895,3043,11763,14806
Baylor University,8.72E+08,859,,United States,,1845,2620,12149,14769
University of Essex,4521000,,,UK,1997,1964,3125,11640,14765
Boston College,US $1.9 billion,Total: 1489,NA,United States,1368,1863,4928,9826,14754
Binghamton University,$100 million +,551,NA,United States,,1946,3007,11706,14713
Regis University,1.98E+08,"Total: 1,947",,United States,657,1877,7583,7123,14706
Western Washington University,US$26.8 million,463,,United States of America,1172,24,1179,13396,14575
Ferris State University,US $25.1 million,561,41,United States,832,1884,1169,13350,14560
Southern Illinois University Edwardsville,US$16.4 million,1003,518,United States,2437,1957,2807,11428,14235
Marshall University,7.02E+07,,,United States,735,1837,4084,9692,14196
Pace University,1.03E+08,1238,,USA,1527,1906,4471,8928,14177
Montana State University,US$86.7 million,1040,,United States,1924,1893,1924,10840,14153
Montana State University %E2%80%93 Bozeman,US$86.7 million,1040,,U.S.,1924,1893,1924,10840,14153
New York Institute of Technology,5.16E+07,273,,United States,,1955,5162,7718,14000
Washington University in St. Louis,U.S.$4.6 billion,3395,NA,U.S.,,1853,6452,5997,13995
University of Bath,4180000,,NA,"England, UK",,1966,4046,9913,13959
University of Northampton,1156000,,,United Kingdom,1048,2005,2510,11415,13925
University of Central Arkansas,US $45.3 million,,,United States,,1907,1561,12302,13863
Saint Louis University,8.00E+08,1002,,United States,,1818,2437,8406,13785
Shiraz University,US$ 739 million,553,,Iran,,1946,1600,12000,13600
University of Bradford,222,615,,United Kingdom,1205,1957,3050,10525,13570
University of York,8700000,,NA,United Kingdom,3091,1963,4090,9400,13490
Arkansas State University,3.09E+07,469,142,United States,965,1909,2132,10024,13438
Imperial College London,7.56E+07,,NA,United Kingdom,"Approximately 7,170",8,5060,8350,13410
Emory University,US $5.4 billion,,NA,US,,1836,6150,7231,13381
University of Aberdeen,2.64E+07,,NA,United Kingdom,3515,1495,2635,10641,13351
Valdosta State University,2.09E+07,,,United States,,1906,2361,10728,13089
South Dakota State University,4.91E+07,671,NA,United States,,1881,,10993,12725
Vanderbilt University,3.30E+09,3358,NA,United States,,1873,5835,6879,12714
University of Sussex,274.8,830,NA,United Kingdom,2120,1961,3175,9275,12445
Hofstra University,2.67E+08,1185,,United States,,1935,4933,7631,12400
University of Regina,2.59E+07,,,Canada,1283,1911,1530,10740,12270
Eastern Washington University,"US$52,177,934",802,,United States,830,1882,1227,10903,12130
Lancaster University,5020000,1490,,England,3025,1964,3346,8780,12125
Indiana State University,-21,501,,United States,,1865,2121,9373,12114
Florida Gulf Coast University,5.71E+07,500,NA,USA,681,1991,1089,10333,12024
Marquette University,3.26E+08,,,United States,730,1881,3615,8387,12002
Southern Methodist University,US$1.4 billion,700,,U.S.,,1911,5000,7000,12000
Columbia College Chicago,9.31E+07,2000,,United States of America,,1890,522,11400,11922
University of Maine,$55.0 million in 2010,720,NA,US,,1865,,8759,11867
Rutgers%E2%80%93Newark,US $603 million,,,United States,,1766,4339,7465,11804
University of Notre Dame,US$6.8 billion,1241,NA,United States,,1842,3362,8371,11733
University of Lincoln,424000,,,England,1331,1861,1355,10367,11722
Buffalo State College,US$ 22.7 million,698,,United States,1779,1871,1657,10002,11659
University of West Georgia,1.52E+07,,,United States of America,,1906,1617,10029,11646
University of Colombo,1.46E+09,240,,Sri Lanka,1600,1921,2504,9100,11604
Yale University,US $16.7 billion,3619,NA,United States,,1701,6318,5275,11593
Louisiana Tech University,6.75E+07,504,,United States,,1894,2444,9001,11581
University of Denver,3.50E+08,1259,,United States,1628,1864,6387,5087,11476
Fort Hays State University,4.05E+07,303,,United States,,1902,1327,7173,11308
Bridgewater State University,1.80E+07,,NA,US,,1840,1873,9328,11201
University of Idaho,2.43E+08,,NA,United States,,1889,1850,9330,11180
University of Peradeniya,2.27E+09,731,,Sri Lanka,2973,1942,1440,9605,11065
University of Alaska Fairbanks,6.17E+07,835,,United States,350,1917,1238,9796,11034
Massachusetts Institute of Technology,US$ 10.3 billion,1018,,U.S.,,1861,6510,4384,10894
University of Southern Indiana,US $66 million,821,,United States,,1965,941,9879,10820
Murray State University,2.79E+07,406,,United States,,1922,1959,8664,10623
University of Wisconsin%E2%80%93Eau Claire,"US $37,524,837",479,NA,United States,1150,1916,543,10346,10549
University of St. Thomas (Minnesota),5.57E+08,,NA,USA,,1885,4358,6176,10534
Sharif University of Technology,US$ 61.58 million,,NA,Iran,395,1966,4726,5776,10502
Tabarestan Higher Education Institution,US$25 million,,NA,Iran,395,1998,4726,5776,10502
Villanova University,3.70E+08,545,,United States,2000,1842,3200,6394,10482
Southeast Missouri State University,2.80E+07,400,,United States,,1873,1500,8977,10477
North Carolina Agricultural and Technical State University,"US $13,330,712.40",,,United States,,1891,1675,9206,10383
Duquesne University,1.71E+08,,,United States,,1878,4505,5858,10363
Morehead State University,$22.5M,,,United States,,1887,1503,8732,10235
Purdue University Calumet,7900000,224,,USA,,1946,1128,9005,10133
University of Wisconsin%E2%80%93La Crosse,"US $41,617,510",531,,United States,,1909,955,9119,10074
WikiProject Universities,"US$123,456,789",300,100,Utopia,300,1066,1000,5000,10000
University of Gloucestershire,106.2,,,United Kingdom,,1834,2655,7065,9940
Keele University,790000,820,,United Kingdom,,1949,2380,7460,9840
University of San Francisco,US $213.2 million,612,NA,United States,506,1855,3728,6071,9799
Yamagata University,US$ 320 million,777,303,Japan,1834,1878,1333,8071,9748
Lesley University,1.42E+08,,,U.S.,,1909,7768,1857,9625
New Jersey Institute of Technology,7.56E+07,504,,United States,,1881,2954,6604,9558
Aston University,1900000,,NA,"England, UK",1000,1895,2530,7030,9555
Tufts University,1.37E+09,1233,NA,United States,,1852,4379,5138,9517
Loyola Marymount University,US $381 million,507,NA,United States,,1911,3283,6069,9352
University of Wisconsin%E2%80%93Stout,3.07E+07,,,United States of America,390,1891,1036,8303,9339
Barry University,2.51E+07,801,NA,United States,,1939,3408,5916,9300
University of Bolton,160000,,,"England, UK",700,1982,1520,7731,9251
University of Ontario Institute of Technology,C$13.1 million,,55,Canada,,2002,518,8685,9203
"University of Wales, Lampeter",£5.9M,,,United Kingdom,200,1822,1035,7455,9150
Edinboro University of Pennsylvania,1.12E+07,346,,United States,392,1857,1945,7161,9106
Hawaii Pacific University,US $80 million,,,United States,,1965,1500,7500,9000
University of Michigan%E2%80%93Dearborn,US $30.29 million,511,,United States of America,,1959,1550,7405,8955
Radford University,US $27.4 million,403,NA,United States,,1910,1005,7773,8878
Santa Clara University College of Arts & Sciences,$603.6 million parent institution,239,,United States,,1851,1047,2786,8846
SCU Leavey School of Business,$603.6 million parent institution,488268,,United States,,1923,1047,1491,8846
London School of Economics,4356,1303,,United Kingdom,,1895,4950,3860,8810
Santa Clara University,1.03E+09,488268,,United States,Total: 873,1851,3571,5107,8800
State University of New York at Brockport,1824,586,NA,United States,,1867,1780,6962,8742
Brown University,US $2.18 Billion,137,,United States,,1764,2333,6316,8649
University of St Andrews,3.48E+07,,NA,United Kingdom,817,1410,1885,6760,8645
Salisbury University,3.53E+07,380,NA,USA,,1925,714,7892,8606
Adelphi University,8.60E+07,,NA,United States,956,1893,3466,5137,8603
Indiana University South Bend,2.56E+07,281,,USA,,1916,898,7496,8394
Columbus State University,2.93E+07,473,32,United States,572,1958,1229,7069,8298
University of Michigan%E2%80%93Flint,US$63.35 million,430,NA,USA,510,1956,1264,6874,8289
Bellevue University,$28.07 Million USD,,,United States,,1966,2488,5790,8278
University of Michigan College of Engineering,3.76E+08,476,,United States,500,1854,2810,5284,8094
Southern New Hampshire University,1.65E+07,,NA,United States,,1932,2687,5347,8034
Beijing Institute of Petrochemical Technology,5.00E+08,830,,China,,1978,100,6800,8000
American University of Beirut,4.00E+08,653,NA,Lebanon,,1866,,6342,7943
Franklin University,6.00E+07,,NA,USA,,1902,887,7055,7942
University of Wisconsin%E2%80%93Platteville,2.96E+07,,,United States of America,336,1866,696,7232,7928
State University of New York at New Paltz,7370000,313,,USA,,1828,1303,6582,7885
Liverpool Hope University,179783,,,"England, UK",,1844,1675,6190,7885
Higher education in Newfoundland and Labrador,5.60E+07,846,,Canada,,1925,2952,14818,7881
Lakehead University,3.11E+07,317,,Canada,2250,1965,594,7254,7848
Illinois Institute of Technology,3.38E+08,659,1541,U.S.A.,,1890,3332,2639,7787
Gonzaga University,US $145.7 million,364,NA,United States,,1887,2899,4865,7764
Seattle University,1.64E+08,653,NA,United States,,1891,3124,4631,7751
Fairmont State University,US $8.76 million,597,,USA,450,1865,Approx. 600,"Approx. 7,100",7740
Creighton University,4.50E+08,Total: 960,,United States,,1878,3577,4153,7730
Goldsmiths%2C University of London,136.8,,NA,United Kingdom,,1891,2585,4815,7615
Princeton University,US$14.4 billion,1172,NA,United States,1103,1746,2479,5113,7567
Saint Joseph's University,1.73E+08,313,,United States,1060,1851,2544,4600,7542
Armstrong Atlantic State University,7900000,292,,United States,,1935,926,6612,7538
Missouri University of Science and Technology,US $1.12 billion,475,NA,USA,906,1870,1702,5504,7521
Minnesota State University Moorhead,7180000,337,,United States of America,789,1887,440,7057,7497
Southern University,U.S. $9.6 million,,,United States,1465,1880,1400,8900,7313
Roosevelt University,6.79E+07,,,United States,,1945,3000,4182,7306
Pittsburg State University,3.99E+07,301,,United States,,1903,1200,6000,7277
Saint Mary's University (Halifax),1.69E+07,246,89,Canada,393,1802,575,6682,7257
Chicago State University,3763212,470,,United States,,1867,2304,4531,7131
Bath Spa University,155000,,,England,,1875,2605,4505,7110
Rhodes University,R429.6 million,357,,South Africa,,31,1633,5372,7005
The College of New Jersey,2.43E+07,733,,United States,,1855,759,6205,6964
Michigan Technological University,US$63.6 million,458,NA,United States,1269,1885,1318,5639,6957
Xavier University,1.09E+08,Total: 666,,United States,,1831,2405,4540,6945
Augusta State University,"US$45,478,931",200,,United States,300,1785,960,5628,6919
Indiana University Southeast,1.48E+07,225,,USA,,1941,1124,5716,6840
University of St. Gallen,CHF 183 million annual budget,79,782,Switzerland,285,1898,3043,3656,6726
Georgia College & State University,2.80E+07,,NA,United States,407,1889,964,5690,6654
Belmont University,7.38E+07,520,,United States,,1890,1349,5298,6647
Ithaca College,US $186 million,673,,United States,989,1892,417,6031,6448
Chapman University,1.51E+08,581,,United States,,1861,1303,4193,6398
Emporia State University,6.20E+07,258,,United States,,1863,1950,4338,6314
Cardinal Stritch University,1.89E+07,,,United States,,1937,"ca. 3,230","ca. 3,046",6276
State University of New York at Plattsburgh,1.41E+07,,,US,270,1889,650,5567,6214
Rutgers%E2%80%93Camden,US $603 million,,,United States,,1766,1661,4497,6158
Truman State University,2.79E+07,336,,United States,,1867,,5780,6101
Loyola University Maryland,US $165.9 million,297,,United States,307,1852,2217,3863,6080
Gulf Coast State College,5300000,,,United States,,1957,,2248,6058
Fayetteville State University,1.51E+07,328,,United States,581,1867,768,5162,5930
Winthrop University,US$31.1 million,288,NA,United States,,1886,1054,4859,5913
St. Mary's University College (Twickenham),2.90E+07,,31,United Kingdom,454,1850,1842,3936,5809
Rider University,5.40E+07,236,NA,United States,,1865,1204,4050,5790
Rice University,4.50E+09,650,,United States,2152,1912,2275,3485,5760
Korea National University of Education,N/A,,274,South Korea,508,1984,3477,2279,5756
Indiana University Northwest,7700000,,,United States,,1963,681,4879,5560
Max M. Fisher College of Business,1.20E+08,81,60,United States of America,,1916,71,4747,5552
Southern Polytechnic State University,US$2.7 million,87,NA,United States,,1948,702,4743,5500
University of Detroit Mercy,2.21E+07,328,,United States,,1877,1400,2971,5471
University of Mary Washington,US $28.9 million,206,,United States of America,,1908,981,4398,5379
Bemidji State University,1.09E+07,246,,United States,,1919,437,4928,5365
Stevens Institute of Technology,1.36E+08,179,,United States,,1870,3220,2040,5260
Dowling College,4235692,,35,United States,,1955,1946,3252,5233
Fitchburg State University,7000000,171,,United States,,1894,1679,3522,5201
Hamdard University,Grants,,200,Pakistan,1000,1991,1000,4000,5200
Canisius College,9.85E+07,Total: 429,NA,United States,,1870,1767,3385,5152
University of Balamand,USD $54.500 million,,,Lebanon,,1988,700,2397,5097
Auburn Montgomery,2.39E+07,318,,United States,,1967,779,4300,5079
Whitacre College of Engineering,1.00E+08,155,NA,United States,,1925,725,4308,5033
Loyola University New Orleans,US $266.2 million,,NA,United States,240,-3,1843,3165,5008
Mississippi College,"USD $75,500,000",,,United States,,1826,550,3148,5008
West Virginia State University,3200000,,,United States,,1891,50,4400,5000
Barstow Community College,Barstow College Foundation,235,,USA,150,1959,none,5000,5000
Fairfield University,2.18E+08,Total: 546,,United States,,1942,1156,3835,4991
St. Francis Xavier University,1.00E+08,264,,Canada,,1853,356,4571,4927
Mount Saint Vincent University,1.82E+07,,,Canada,,1873,available,available,4900
The College of Saint Rose,3.16E+07,,,United States,,1920,1932,2931,4863
Universidad Icesi,US $988.626,???,,Colombia,,1979,,???,4854
Missouri Baptist University,3000000,230,,USA,,1957,1423,3413,4836
Longwood University,5.00E+07,,NA,United States,,1839,720,4080,4800
The Evergreen State College,"US$29,985,851",267,,United States of America,495,1967,332,4468,4800
Olivet Nazarene University,US $13.6 million,,,US,,1907,1495,2600,4666
University of Prince Edward Island,2.00E+07,250,,Canada C1A 4P3 Telephone: 902-566-0439 Fax: 902-566-0795,,1969,324,4276,4600
Shawnee State University,9300000,,,United States,,1986,80,4520,4600
Toho University,N/A,705,154,Japan,3365,1925,454,4079,4533
School of Oriental and African Studies,1188,,,United Kingdom,,1916,2095,2430,4525
High Point University,US$37 million,879,,United States,,1924,319,4200,4500
Savonia University of Applied Sciences,approx. $100 million,,,Finland,600,1992,100,6400,4500
RVR & JC College of Engineering,Rs1 billion,200,,India,249,1985,800,3396,4496
Regent University,1.86E+08,629,846,United States,381,1978,2130,1960,4494
Purdue University North Central,900000,,,USA,,1948,84,4379,4463
Indiana Institute of Technology,2.81E+07,160,,United States,,1930,440,3918,4384
University of Tulsa,6.47E+08,306,,United States,,1894,1178,3174,4352
Hokusei Gakuen University,N/A,19,,Japan,,1962,53,4284,4337
Lipscomb University,US$52 million,115,NA,United States,,1891,1521,2757,4278
University of Richmond,US$1.88 billion,329,,United States,,1830,650,2767,4250
Gannon University,2.88E+07,200,,United States,,1925,1260,2978,4238
Niagara University,7.75E+07,130,,United States,,1856,,3300,4200
University of Northern British Columbia,6.50E+07,,NA,Canada,,1990,675,3469,4183
Delaware State University,US$20.8 million,436,101,United States,,1891,333,3745,4179
California State University%2C Channel Islands,9890000,205,NA,United States,370,2002,255,3800,4179
Albany State University,1500000,,,United States,,1903,424,3714,4176
OCAD University,"C$9,576,604",102,NA,Canada,156 full-time; 229 part-time,1876,95,3882,4072
Valparaiso University,1.41E+08,220,,United States,,1859,1186,2875,4061
The College of St. Scholastica,4.90E+07,,NA,United States,,1912,1137,2877,4014
Trinity Western University,7700000,,,Canada,,1962,603,1900,4000
University of Hawaii at Hilo,1.80E+08,297,,United States,,1941,454,3396,3974
Oregon Institute of Technology,4.25E+07,139,,United States,222,1947,20,3907,3927
Indian Hills Community College,$13 million  Annual Report,,,United States of America,,1966,,3800,3800
Augsburg College,3.30E+07,,,United States,appx. 20,1869,807,3015,3785
New Orleans Baptist Theological Seminary,4.70E+07,70,324,United States,,1917,1695,1643,3740
UIUC College of Business,US $87.4 million,,,United States,,1915,935,2804,3739
Ohio Northern University,1.13E+08,207,,United States,,1871,,3290,3721
Indiana University Kokomo,7000000,20,,United States,,1945,,3204,3719
John Carroll University,1.69E+08,635,,United States,,1886,708,3001,3709
Oklahoma City University,7.16E+07,,,United States,,1904,1456,2243,3700
Western New England University,3.39E+07,,,United States,,1919,882,2775,3657
Marymount University,1.79E+07,141,,United States,,1950,,2373,3633
Jacksonville University,2.33E+07,160,,United States,,1934,402,3173,3600
Faulkner University,1.54E+07,118,,United States,,1942,,2212,3574
The Citadel%2C The Military College of South Carolina,2.09E+08,,NA,United States,,1842,1000,2340,3540
University of Portland,US$80.0 million,,NA,United States,,1901,540,2997,3537
Shorter University,US$ 27 million,388,,United States,,1873,427,3069,3500
Portland State University School of Business Administration,1.10E+07,,,United States of America,30,1961,500,3000,3500
Point Loma Nazarene University,"US $37,360,494",,,United States,,1902,1134,2346,3480
Pacific Lutheran University,6.73E+07,283,,United States,,1890,266,3195,3461
Andrews University,2.63E+07,298,,United States,298,1874,,1760,3420
Texas Wesleyan University,3.49E+07,279,,United States,,1890,1534,1604,3378
Holy Family University,8900000,,,United States,,1954,972,2120,3345
North Park University,6.00E+07,125,,US,,1891,,1854,3251
University of St. Thomas (Texas),5.14E+07,273,,United States,,1947,1496,1750,3246
Belhaven University,US$ 4.3 million,49,NA,United States,,1883,796,2589,3245
Southern Arkansas University,1.45E+07,,,United States,,1909,449,2775,3224
Cedarville University,966,210,NA,United States,,1887,,3149,3209
D'Youville College,US $25.2 Million,,,United States,,1908,,1620,3200
Viterbo University,2.39E+07,,,United States,14,1890,919,2279,3192
Cape Breton University,3400,,not available,Canada B1P 6L2,,1951,181,2987,3168
University of Mary Hardin%E2%80%93Baylor,2.37E+11,330,84,United States,,1845,269,2784,3137
Fontbonne University,1.71E+07,,,USA,,1923,934,2098,3120
Bellarmine University,2.90E+07,,,United States,240,1950,673,2417,3090
University of Evansville,5.96E+07,,,United States,,1854,150,2900,3050
Jon M. Huntsman School of Business,US $208.9 million parent institution,136,NA,United States,,1889,434,2548,3005
Acadia University,4.00E+07,,,Canada,211,1838,76,2760,3000
Saint Peter's University,2.50E+07,Total: 284,,United States,,1872,643,2344,2987
Wheaton College (Illinois),2.74E+08,104,,United States,,1860,500,2400,2900
North Central College,7.90E+07,139,,United States,,1861,300,2600,2900
Chaminade University of Honolulu,9300000,86,,United States,,1955,,2132,2836
Stetson University,1.44E+08,195,,United States,,1883,485,2291,2776
"University of Puerto Rico, Medical Sciences Campus",US $127.679 million,623,,Puerto Rico,,1966,2366,400,2766
University of Dallas,2880,265,,United States,,1956,1369,1350,2725
Bishop's University,C$ 32.5 million,,NA,Canada,,1843,,462,2724
Averett University,1.93E+07,270,,United States,,1859,648,2071,2719
Rollins College,2.62E+08,203,,United States,,1885,384,2331,2715
Whitworth University,7.32E+07,127,,United States of America,,1890,258,2394,2674
Our Lady of the Lake University,US$30.1 million,,,USA,,1895,1065,1595,2660
Concordia University Texas,US$13.3 million,,,United States,,1926,1156,1502,2658
Alverno College,1.67E+07,110,,USA,450,1887,340,2314,2654
Milwaukee School of Engineering,3.37E+07,132,,US,,1903,210,2438,2648
Piedmont College,5.02E+07,175,,United States,,1897,1227,1056,2640
St. Francis College,"US$59,600,000",247,,United States,,1859,,2590,2636
Mount Vernon Nazarene University,"US $12,197,377",,,United States,,1968,686,1923,2609
Taylor University,6.09E+07,136,,United States,,1846,108,1910,2589
Willamette University,US$283 million,315,,United States of America,,1842,786,1780,2566
Anderson University (Indiana),2.79E+07,144,,United States,,1917,,2022,2565
Malone University,1.61E+07,,NA,United States,,1892,476,2083,2559
Mary Baldwin College,3.08E+07,79,,United States,,1842,197,826,2542
DeSales University,3.40E+07,96,,United States,,1965,,1560,2499
George W. Woodruff School of Mechanical Engineering,6.76E+07,92,,United States,55,1885,723,1765,2488
Mount St. Mary's College,6.54E+07,327,,United States,283,1925,500,1980,2480
Indiana University East,4670000,87117,NA,USA,,1971,,2392,2459
Georgia Health Sciences University,9.05E+07,1027,1135,United States,3500,1828,892,390,2442
Hardin%E2%80%93Simmons University,US$87.1 million,,73,USA,,1891,438,1997,2435
Hood College,US $47 million,115,NA,USA,,1893,,1487,2435
Florida Southern College,US $51 million,109,,United States,,1883,148,2278,2426
Stonehill College,3.50E+08,255,,USA,,1948,,2600,2426
Maryville University,2.88E+07,140,,USA,,1872,600,1800,2400
Wagner College,5.00E+07,107,,USA,,1883,400,2000,2400
Misericordia University,1.53E+07,,,United States,257,1924,290,2068,2355
Trevecca Nazarene University,US $14.8 million,,,United States,,1901,1033,1312,2345
Albright College,3.80E+07,,NA,United States,,1856,100,1660,2334
Bard College,US $270 million,224,,United States,,1860,320,1985,2305
Alfred University,7.97E+07,164,,United States,,1836,approx. 300,"approx. 2,000",2300
University of the State of Amazonas,"R$229,647,000",,NA,Brazil,2,2001,811,1473,2284
Rhode Island School of Design,2.74E+08,146,,United States of America,,1877,399,1883,2282
Dominican University of California,1.74E+07,193,,United States,,1890,970,1300,2270
Mendoza College of Business,US$357 million,141,,USA,,1921,711,1552,2263
Rivier University,US$29.9 million,720,47,United States,,1933,805,1437,2242
Muhlenberg College,US $144 million,171,,United States,,1848,,2225,2225
Washington and Lee University,US $1.218 billion,282,NA,United States,,1749,403,1800,2203
Netaji Subhash Engineering College,Indian Rupees,119,N.A,India,40,1998,120,2100,2200
University of Arkansas Honors College,2.00E+08,,,United States,,2002,287,1317,2200
California Institute of Technology,US $1.55 billion,294,,United States,,1891,1208,967,2175
Peru State College,1.05E+07,,NA,United States,,1865,358,1766,2124
Southern Nazarene University,"US $17,167,060",,,United States,,1899,454,1656,2110
Mount St. Mary's University,3.70E+07,98,NA,United States,,1808,500,1600,2100
Bethel College (Indiana),7800000,,,United States,,1947,120,2000,2100
John Brown University,5.34E+07,133,,United States,,1919,360,1713,2073
Zakir Hussain College of Engineering and Technology,US$ 12 million,215,,India,400,1938,550,1440,2000
Freed%E2%80%93Hardeman University,2.44E+07,,,United States,,1869,482,1490,1972
Converse College,5.15E+07,,,United States,,1889,1165,773,1938
Marylhurst University,1.21E+07,125,N/A,United States,,1893,985,932,1917
Davidson College,5.09E+08,164,,United States,549,1837,,1743,1890
Cedar Crest College,US $14.5 million,92,,United States,,1867,,1800,1885
Maryland Institute College of Art,US$ 51 million,291,,U.S.,,1826,228,1644,1872
University of Pikeville,1.42E+07,,,United States,,1889,308,1533,1841
Northwest Nazarene University,"US $21,727,123",,,United States,,1913,589,1247,1836
Geneva College,US$28.6 million,96,NA,United States,,1848,241,1638,1791
Walla Walla University,1.40E+07,207,,United States,,1892,,1549,1791
Christian Brothers University,2.71E+07,110,N/A,United States,,1871,324,1455,1779
Bryn Mawr College,US$522 million,158,,United States,,1885,464,1307,1771
Lasell College,US $22.4 million,,,United States,,1851,160,1600,1760
Gordon College (Massachusetts),2.71E+07,,,United States,,1889,234,1514,1748
Regis College,1.48E+07,,,United States,,1927,636,1101,1737
Saint Mary-of-the-Woods College,1.10E+07,,,USA,,1840,126,1577,1703
Loras College,US $25.8 million,,,United States,172,1839,~60,"~1,550",1683
Central College (Iowa),US$63.1 million,89,,United States,,1853,,1600,1650
"Dale Bumpers College of Agricultural, Food and Life Sciences",1.50E+07,,,United States,,1905,287,1342,1604
Heidelberg University (Ohio),2.34E+07,,,United States,,1850,400,1200,1600
Woodbury University,1.60E+07,,NA,United States,,1884,169,1258,1500
National Institute of Technology%2C Srinagar,"Ministry of Human Resources Development, Government of India",200,,India,,1960,150,1350,1500
New England College,"US $7,313,220",,,United States,,1946,395,1065,1460
California Institute of the Arts,1.02E+08,314,4,United States,,1961,559,895,1454
Houghton College,3.05E+07,,NA,United States,,1883,28,1377,1415
College of the Ozarks,2.77E+08,89,,United States,150,1906,,1371,1371
Holy Names University,1.12E+07,163,,United States,,1868,495,836,1331
University of Charleston,2.81E+07,,,U.S.A.,,1888,225,1090,1315
Grace College,8380000,74,,United States,,1948,120,1534,1308
Maharishi University of Management,9000000,47,NA,United States,200,1971,430,26,1210
Montana State University %E2%80%93 Northern,"US$3,254,000",,NA,United States,,1929,75,1132,1207
Montana State University%E2%80%93Northern,"US$3,254,000",,,United States,,1929,75,1132,1207
University of North Carolina School of the Arts,2.77E+07,186,,United States,,1963,124,739,1144
Pikeville College,1.42E+07,,,USA,,1889,300,700,1130
Millsaps College,USD $71.5 million,92,NA,United States,,1890,105,1013,1118
American University in Bulgaria,1.74E+07,79,,Bulgaria,,1991,47,1069,1116
Bluffton University,1.95E+07,63,0,United States,,1899,114,1001,1115
Thomas College,1.12E+07,80,,U.S.A.,,1894,,910,1066
Hanover College,1.22E+08,100,,United States,,1827,,938,1033
Corban University,US$3 million,,,United States,,1935,,Approximately 730,1015
Defiance College,1.47E+07,86,,U.S.A.,,1850,100,900,1000
University of Saskatchewan College of Agriculture and Bioresources,$38 M annually,,available,Canada,350,1909,postgraduate level degree available,"diploma, degree available",1000
Agnes Scott College,2.31E+08,82,,United States,,1889,84,914,998
Emory and Henry College,7.13E+07,,NA,United States,,1836,37,941,978
Goshen College,8.31E+07,70,,United States,,1894,16,955,971
Zamorano,4.20E+07,,,Honduras,?,1941,Does not offer postgraduate studies,900+,900
Rocky Mountain College,16586100,,,United States,,1878,66,878,894
Cleary University,"US $813,882",~,,U.S.A.,~,1883,116,697,852
Bennington College,US $12 million,62,,United States,,1932,143,668,811
Epoka University,3000,50,,Albania,25,2007,200,600,800
Eastern Virginia Medical School,US $38.7 million,,454,United States,,1973,298,27,779
University of Illinois School of Architecture,6674000,59,,USA,,1867,232,525,757
Capitol College,3000000,12,NA,United States,54,1927,412,342,754
Sweet Briar College,7.49E+07,64,,United States,,1901,11,724,735
Noakhali Science and Technology University,"Govt., UGC",2,N\A,Bangladesh,Around 120,24,100,720,720
Pennsylvania State University,1.55E+09,8864,,United States,,1855,630,4634,630
Webber International University,4900000,45,,United States,,1927,59,557,616
Valley Forge Military Academy and College,1.00E+09,176,,United States of America,,1928,,339,602
St. Andrews University (North Carolina),US$12.8 million,64,,United States,,1958,,600,600
Hesston College,5800000,51,NA,USA,,1909,,450,450
Soka University of America,5.00E+08,59,,USA,,2001,8,355,363
New Economic School,1.80E+07,30,,Russia,,1992,276,63,339
Stony Brook University,US$95 million,1902,,United States,,1957,8252,16342,82
Aarhus University,5.27E+09,,,Denmark,11000,1928,16395,17504,44
Lund University,7.00E+08,,2,Sweden,5300,1666,6711,20933,28
University of Rennes 2 %E2%80%93 Upper Brittany,30,645,509,France,1095,1969,3,11,17
University of Kentucky,7.79E+08,,,United States,11546,1865,7090,19292,2
